<?xml version="1.0" encoding="UTF-8"?>
<project xmlns="http://www.netbeans.org/ns/project/1">
    <type>org.netbeans.modules.ant.freeform</type>
    <configuration>
        <general-data xmlns="http://www.netbeans.org/ns/freeform-project/1">
            <!-- Do not use Project Properties customizer when editing this file manually. -->
            <name>j3d-examples-1.5.2</name>
            <properties/>
            <folders>
                <source-folder>
                    <label>src/classes</label>
                    <type>java</type>
                    <location>src/classes</location>
                </source-folder>
            </folders>
            <ide-actions>
                <action name="build">
                    <target>jar</target>
                </action>
                <action name="clean">
                    <target>clean</target>
                </action>
                <action name="run">
                    <target>run.HelloUniverse</target>
                </action>
                <action name="rebuild">
                    <target>clean</target>
                    <target>jar</target>
                </action>
            </ide-actions>
            <export>
                <type>jar</type>
                <location>dist/j3d-examples.jar</location>
                <build-target>jar</build-target>
            </export>
            <view>
                <items>
                    <source-folder style="packages">
                        <label>src/classes</label>
                        <location>src/classes</location>
                    </source-folder>
                    <source-file>
                        <location>build.xml</location>
                    </source-file>
                </items>
                <context-menu>
                    <ide-action name="build"/>
                    <ide-action name="clean"/>
                    <ide-action name="run"/>
                    <ide-action name="rebuild"/>
                </context-menu>
            </view>
            <subprojects>
                <project>../j3d-core</project>
                <project>../vecmath</project>
            </subprojects>
        </general-data>
        <java-data xmlns="http://www.netbeans.org/ns/freeform-project-java/1">
            <compilation-unit>
                <package-root>src/classes</package-root>
                <classpath mode="compile">../j3d-core/build/default/debug/lib/ext/j3dcore.jar:../j3d-core/build/default/debug/lib/ext/j3dutils.jar:../vecmath/build/debug/lib/ext/vecmath.jar</classpath>
                <built-to>dist/j3d-examples.jar</built-to>
                <source-level>1.5</source-level>
            </compilation-unit>
        </java-data>
    </configuration>
</project>
